category,school,program_name,duration_years,min_kcse_mean_grade,subject_requirements,alternate_entry,cluster_points
Certificate,Computing and Informatics,Certificate in Information Technology (CIT),1 Year,D+,KCSE D+ Mean Grade with at least D in Mathematics and English/Kiswahili.,KNEC Artisan Certificate in a relevant field.,N/A
Certificate,Business and Economics,Certificate in Business Administration,1 Year,D+,KCSE D+ Mean Grade.,Relevant Artisan qualification or equivalent.,N/A
Certificate,Business and Economics,Certificate in Human Resource Management,1 Year,D+,KCSE D+ Mean Grade.,Relevant Artisan qualification or equivalent.,N/A
Certificate,Business and Economics,Certificate in Sales and Marketing,1 Year,D+,KCSE D+ Mean Grade.,Artisan Certificate in business-related fields.,N/A
Certificate,Arts and Social Sciences,Certificate in Public Administration,1 Year,D+,KCSE D+ Mean Grade with D+ in English or Kiswahili.,Artisan Certificate in social science or administration.,N/A
Certificate,Arts and Social Sciences,Certificate in Journalism & Mass Communication,1 Year,D+,KCSE D+ Mean Grade with D+ in English and Kiswahili.,Relevant Artisan qualification.,N/A
Certificate,Arts and Social Sciences,Certificate in Social Work & Community Development,1 Year,D+,KCSE D+ Mean Grade.,Artisan Certificate in relevant human services discipline.,N/A
Certificate,Public Health & Community Development,Certificate in Community Health & Development,1 Year,D+,KCSE D+ Mean Grade with D in Biology/General Science.,Artisan Certificate in community health work.,N/A
Certificate,Education,Certificate in Early Childhood Development Education (ECDE),1 Year,D+,KCSE D+ Mean Grade.,Artisan Certificate in Education or related field.,N/A
Diploma,Computing and Informatics,Diploma in Information Technology (DIT),2 Years,C-,KCSE C- Mean Grade with C- in Mathematics and English/Kiswahili.,Certificate in IT from Maseno University or recognized institution.,N/A
Diploma,Business and Economics,Diploma in Business Administration (DBA),2 Years,C-,KCSE C- Mean Grade with C- in Mathematics/Business Studies.,Certificate in Business Administration or equivalent.,N/A
Diploma,Business and Economics,Diploma in Purchasing and Supply Chain Management,2 Years,C-,KCSE C- Mean Grade.,Certificate in Supply Chain or Business Management.,N/A
Diploma,Business and Economics,Diploma in Hospitality Management,2 Years,C-,KCSE C- Mean Grade.,"Certificate in Catering, Tourism, or Hospitality.",N/A
Diploma,Arts and Social Sciences,Diploma in Criminology and Security Studies,2 Years,C-,KCSE C- Mean Grade with C- in English or Kiswahili.,Certificate in Criminology/Security Studies or relevant field.,N/A
Diploma,Arts and Social Sciences,Diploma in Journalism & Mass Media,2 Years,C-,KCSE C- Mean Grade with C- in English and Kiswahili.,Certificate in Journalism or Media Studies.,N/A
Diploma,Arts and Social Sciences,Diploma in Public Relations,2 Years,C-,KCSE C- Mean Grade with C- in English.,"Certificate in PR, Communication, or Marketing.",N/A
Diploma,Arts and Social Sciences,Diploma in Social Work,2 Years,C-,KCSE C- Mean Grade.,Certificate in Social Work or Community Development.,N/A
Diploma,Education,Diploma in Special Needs Education,2 Years,C (Plain),KCSE C (Plain) Mean Grade with C in relevant teaching subjects.,Certificate in Education/Special Needs from recognized institution.,N/A
Diploma,Education,Diploma in Early Childhood Development Education (ECDE),2 Years,C-,KCSE C- Mean Grade.,Certificate in ECDE.,N/A
Diploma,Public Health & Community Development,Diploma in Public Health,2 Years,C (Plain),KCSE C (Plain) Mean Grade with C in Biology/Chemistry and English.,Certificate in Public Health/Community Health with Credit Pass.,N/A
Diploma,Public Health & Community Development,Diploma in Community Development,2 Years,C-,KCSE C- Mean Grade.,Certificate in Community Health/Development.,N/A
Diploma,Physical and Biological Sciences,Diploma in Analytical Chemistry,2 Years,C-,KCSE C- Mean Grade with C- in Chemistry and Mathematics.,Certificate in Laboratory Technology or relevant science field.,N/A
Diploma,"Mathematics, Statistics & Actuarial Science",Diploma in Actuarial Science,2 Years,C-,KCSE C- Mean Grade with C- in Mathematics.,Certificate in Actuarial/Business Mathematics.,N/A
Degree,Medicine and Health Sciences,"Bachelor of Medicine and Bachelor of Surgery (MBChB, with IT)",6 Years,B+,"KCSE B+ Mean Grade with B+ in Biology, Chemistry, Physics/Math, and English/Kiswahili.",B.Sc. in Biological/Medical Sciences with 1st Class or 2nd Class Upper.,44.5
Degree,Medicine and Health Sciences,"Bachelor of Pharmacy (B.Pharm, with IT)",5 Years,B (Plain),"KCSE B Plain Mean Grade with B in Biology, Chemistry, Physics/Math, and English/Kiswahili.",Diploma in Pharmacy with credit pass from recognized institution.,43.1
Degree,Nursing,Bachelor of Science in Nursing (with IT),4 Years,C+,"KCSE C+ Mean Grade with C+ in Biology, Chemistry, English/Kiswahili, and Math/Physics.",Diploma in Nursing (KRCHN/KRN) with valid practice license.,42.3
Degree,Public Health & Community Development,Bachelor of Science in Public Health (with IT),4 Years,C+,"KCSE C+ Mean Grade with C+ in Biology, Chemistry, English/Kiswahili, and Mathematics.",Diploma in Public Health or Environmental Health with Credit Pass.,34.4
Degree,Public Health & Community Development,Bachelor of Science in Medical Laboratory Science (with IT),4 Years,C+,"KCSE C+ Mean Grade with C+ in Biology, Chemistry, Mathematics/Physics, and English/Kiswahili.",Diploma in Medical Laboratory Technology.,35.2
Degree,Public Health & Community Development,Bachelor of Science in Medical Biotechnology (with IT),4 Years,C+,KCSE C+ Mean Grade with C+ in Biology and Chemistry.,Diploma in Biotechnology or Medical Laboratory Technology.,25.0
Degree,Law,"Bachelor of Laws (LL.B, with IT)",4 Years,C+,KCSE C+ Mean Grade with B in English or Kiswahili.,Degree in any relevant field from a recognized university.,39.4
Degree,Computing and Informatics,Bachelor of Science in Computer Science (with IT),4 Years,C+,"KCSE C+ Mean Grade with C+ in Mathematics, Physics, and Chemistry/Computer Studies.",Diploma in Computer Science / IT with Credit Pass.,37.8
Degree,Computing and Informatics,Bachelor of Science in Information Technology (with IT),4 Years,C+,KCSE C+ Mean Grade with C+ in Mathematics and English/Kiswahili.,Diploma in IT / Computer Science with Credit Pass.,34.2
Degree,Computing and Informatics,Bachelor of Science in Computer Technology (with IT),4 Years,C+,KCSE C+ Mean Grade with C+ in Mathematics and Physics.,Diploma in Computer Tech or IT.,33.5
Degree,Computing and Informatics,Bachelor of Science in Information Systems (with IT),4 Years,C+,KCSE C+ Mean Grade with C+ in Mathematics and English.,Diploma in Information Systems or Business IT.,31.8
Degree,Business and Economics,"Bachelor of Business Administration (BBA, with IT)",4 Years,C+,KCSE C+ Mean Grade with C in Mathematics and English/Kiswahili.,Diploma in Business / CPA Part II / ACCA level 2.,32.0
Degree,Business and Economics,Bachelor of Procurement and Supply Chain Management (with IT),4 Years,C+,KCSE C+ Mean Grade with C in Mathematics and English.,Diploma in Purchasing & Supply Chain Management.,30.5
Degree,Business and Economics,Bachelor of Arts in Economics (with IT),4 Years,C+,KCSE C+ Mean Grade with C+ in Mathematics.,Diploma in Economics or Business Finance.,29.8
Degree,Business and Economics,Bachelor of Science in Accounting and Finance (with IT),4 Years,C+,KCSE C+ Mean Grade with C+ in Mathematics.,CPA Section 4 or Higher National Diploma in Finance.,31.2
Degree,Business and Economics,Bachelor of Science in Hotel and Institution Management (with IT),4 Years,C+,KCSE C+ Mean Grade with C in English/Kiswahili.,Diploma in Hotel Management or Catering.,28.4
Degree,Education,"Bachelor of Education (Arts, with IT)",4 Years,C+,KCSE C+ Mean Grade with C+ in two teaching subjects.,Diploma in Education (Arts) with Credit Pass.,32.5
Degree,Education,"Bachelor of Education (Science, with IT)",4 Years,C+,KCSE C+ Mean Grade with C+ in two teaching science subjects and C in Mathematics.,Diploma in Education (Science) with Credit Pass.,35.1
Degree,Education,Bachelor of Education in Special Needs Education (with IT),4 Years,C+,KCSE C+ Mean Grade with C+ in chosen teaching specialization.,Diploma in Special Needs Education with Credit.,29.0
Degree,Education,Bachelor of Education in Early Childhood Education (with IT),4 Years,C+,KCSE C+ Mean Grade.,Diploma in ECDE with Credit Pass.,26.5
Degree,Arts and Social Sciences,Bachelor of Arts in Communication and Media Technology (with IT),4 Years,C+,KCSE C+ Mean Grade with B in English or Kiswahili.,Diploma in Journalism/Mass Communication with Credit Pass.,27.9
Degree,Arts and Social Sciences,Bachelor of Arts in International Relations & Diplomacy (with IT),4 Years,C+,KCSE C+ Mean Grade with C+ in English/Kiswahili.,Diploma in International Relations/Public Admin with Credit Pass.,28.6
Degree,Arts and Social Sciences,Bachelor of Arts in Criminology (with IT),4 Years,C+,KCSE C+ Mean Grade.,Diploma in Criminology or Police Science.,27.5
Degree,Arts and Social Sciences,Bachelor of Arts in Kiswahili (with IT),4 Years,C+,KCSE C+ Mean Grade with B- in Kiswahili.,Diploma in Kiswahili or Education (Arts).,24.0
Degree,"Mathematics, Statistics & Actuarial Science",Bachelor of Science in Actuarial Science (with IT),4 Years,C+,KCSE C+ Mean Grade with B+ in Mathematics.,Diploma in Actuarial Science or Statistics with Credit Pass.,29.9
Degree,"Mathematics, Statistics & Actuarial Science",Bachelor of Science in Applied Statistics (with IT),4 Years,C+,KCSE C+ Mean Grade with B- in Mathematics.,Diploma in Statistics or Applied Mathematics.,26.8
Degree,"Mathematics, Statistics & Actuarial Science",Bachelor of Science in Mathematical Sciences (with IT),4 Years,C+,KCSE C+ Mean Grade with C+ in Mathematics.,Diploma in Mathematics or Statistics.,26.0
Degree,Physical and Biological Sciences,Bachelor of Science in Biochemistry (with IT),4 Years,C+,KCSE C+ Mean Grade with C+ in Biology and Chemistry.,Diploma in Medical Lab / Biological Sciences.,28.8
Degree,Physical and Biological Sciences,Bachelor of Science in Analytical Chemistry (with IT),4 Years,C+,KCSE C+ Mean Grade with C+ in Chemistry and Mathematics.,Diploma in Analytical Chemistry.,27.1
Degree,Physical and Biological Sciences,Bachelor of Science in Industrial Chemistry (with IT),4 Years,C+,KCSE C+ Mean Grade with C+ in Chemistry and Physics.,Diploma in Chemical Technology.,28.2
Degree,"Agriculture, Food Security & Environmental Sciences",Bachelor of Science in Agribusiness Management (with IT),4 Years,C+,KCSE C+ Mean Grade with C+ in Agriculture/Biology and C in Math.,Diploma in Agribusiness or Agriculture with Credit.,25.4
Degree,"Agriculture, Food Security & Environmental Sciences",Bachelor of Science in Environmental Science (with IT),4 Years,C+,KCSE C+ Mean Grade with C+ in Biology/Chemistry/Geography.,Diploma in Environmental Studies/Science.,24.8
Degree,"Agriculture, Food Security & Environmental Sciences",Bachelor of Science in Horticulture (with IT),4 Years,C+,KCSE C+ Mean Grade with C+ in Agriculture and Biology.,Diploma in Horticulture or Agriculture.,23.9
Degree,Planning and Architecture,Bachelor of Urban and Regional Planning (with IT),4 Years,C+,KCSE C+ Mean Grade with C+ in Geography and Mathematics.,"Diploma in Urban Planning, Surveying, or GIS.",29.2
Degree,Planning and Architecture,Bachelor of Science in Geospatial Information Science (with IT),4 Years,C+,KCSE C+ Mean Grade with C+ in Mathematics and Geography/Physics.,"Diploma in GIS, Geomatics, or Cartography.",30.1
Masters,Computing and Informatics,Master of Science in Information Technology,2 Years,N/A (Postgraduate),"Bachelor's Degree in IT, Computer Science, or related field with minimum 2nd Class Honours (Upper Division).",2nd Class Lower Division with at least 2 years relevant work experience.,N/A
Masters,Computing and Informatics,Master of Science in Computer Science,2 Years,N/A (Postgraduate),"Bachelor's Degree in Computer Science, Software Engineering, or IT with minimum 2nd Class Honours (Upper Division).",2nd Class Lower Division with 2+ years software engineering experience.,N/A
Masters,Business and Economics,Master of Business Administration (MBA),2 Years,N/A (Postgraduate),Bachelor's Degree in Business or related discipline with minimum 2nd Class Honours (Upper Division).,2nd Class Lower Division with 2+ years managerial/professional experience.,N/A
Masters,Business and Economics,Master of Science in Finance,2 Years,N/A (Postgraduate),"Bachelor's Degree in Finance, Accounting, Economics, or BBA with 2nd Class Upper.",2nd Class Lower with CPA(K) or 2 years post-graduation experience.,N/A
Masters,Business and Economics,Master of Science in Supply Chain Management,2 Years,N/A (Postgraduate),"Bachelor's Degree in Procurement, Logistics, or Business with 2nd Class Upper.",2nd Class Lower with CIPS qualification or 2 years relevant experience.,N/A
Masters,Education,Master of Education (M.Ed in Curriculum Studies),2 Years,N/A (Postgraduate),Bachelor of Education degree with minimum 2nd Class Honours (Upper Division).,2nd Class Lower Division with 2 years teaching/administrative experience.,N/A
Masters,Education,Master of Education in Special Needs Education,2 Years,N/A (Postgraduate),Bachelor of Education (SNE or Special Education) with 2nd Class Upper.,2nd Class Lower Division with 2 years special education experience.,N/A
Masters,Public Health & Community Development,Master of Public Health (MPH),2 Years,N/A (Postgraduate),"Bachelor's Degree in Health Sciences, Public Health, Medicine, or Nursing with minimum 2nd Class Upper.",2nd Class Lower Division with 2+ years health sector experience.,N/A
Masters,Medicine and Health Sciences,Master of Medicine (MMed) in Family & Emergency Medicine,3 Years,N/A (Postgraduate),MBChB degree from a recognized university and registered with Medical Practitioners Board.,At least 1 year internship plus medical practice.,N/A
Masters,Arts and Social Sciences,Master of Arts in Communication and Media Studies,2 Years,N/A (Postgraduate),"Bachelor's Degree in Communication, Journalism, or PR with 2nd Class Upper.",2nd Class Lower with 2 years media industry experience.,N/A
Masters,Arts and Social Sciences,Master of Arts in Counselling Psychology,2 Years,N/A (Postgraduate),"Bachelor's Degree in Psychology, Guidance & Counselling, or Social Work with 2nd Class Upper.",2nd Class Lower with Postgraduate Diploma in Counselling.,N/A
Masters,Development & Strategic Studies,Master of Arts in International Relations,2 Years,N/A (Postgraduate),"Bachelor's Degree in Political Science, International Relations, or Social Sciences with 2nd Class Upper.",2nd Class Lower Division with 2 years diplomatic or development field experience.,N/A
Masters,Development & Strategic Studies,Master of Research and Public Policy (MRPP),2 Years,N/A (Postgraduate),"Bachelor's Degree in Social Sciences, Economics, or Public Admin with 2nd Class Upper.",2nd Class Lower with 2 years public policy or research experience.,N/A
Masters,"Mathematics, Statistics & Actuarial Science",Master of Science in Financial Mathematics,2 Years,N/A (Postgraduate),"Bachelor's Degree in Mathematics, Actuarial Science, Statistics or Economics with 2nd Class Upper.",2nd Class Lower Division with 2+ years quantitative work experience.,N/A
Masters,"Agriculture, Food Security & Environmental Sciences",Master of Science in Environmental Sciences,2 Years,N/A (Postgraduate),"Bachelor's Degree in Environmental Science, Forestry, Natural Resources, or Chemistry with 2nd Class Upper.",2nd Class Lower with 2 years environmental sector experience.,N/A
PhD,Computing and Informatics,Doctor of Philosophy (PhD) in Computer Science,3 Years,N/A (Postgraduate),"Master of Science degree in Computer Science, Software Engineering, or Information Technology.",Relevant Master's degree with published research work.,N/A
PhD,Business and Economics,Doctor of Philosophy (PhD) in Business Administration,3 Years,N/A (Postgraduate),Master of Business Administration (MBA) or M.Sc. in Business disciplines from recognized university.,N/A,N/A
PhD,Education,Doctor of Philosophy (PhD) in Educational Administration,3 Years,N/A (Postgraduate),Master of Education degree (M.Ed) in Educational Administration or Planning.,N/A,N/A
PhD,Public Health & Community Development,Doctor of Philosophy (PhD) in Public Health,3 Years,N/A (Postgraduate),Master of Public Health (MPH) or M.Sc. in Health Sciences.,N/A,N/A
